track_name,artist(s)_name,artist_count,released_year,released_month,released_day,in_spotify_playlists,in_spotify_charts,streams,in_apple_playlists,in_apple_charts,in_deezer_playlists,in_deezer_charts,in_shazam_charts,bpm,key,mode,danceability_%,valence_%,energy_%,acousticness_%,instrumentalness_%,liveness_%,speechiness_%
All Too Well (10 Minute Version) (Taylor's Version) (From The Vault),Taylor Swift,1,2021,11,12,4635,5,583687007,50,49,30,1,2,93,,Major,63,21,52,28,0,9,3
Driving Home for Christmas - 2019 Remaster,Chris Rea,1,1986,1,1,888,0,429504768,50,0,6,0,0,180,A,Major,51,87,58,36,0,18,4
It'll Be Okay,Shawn Mendes,1,2021,12,1,1950,0,287201015,56,8,104,0,10,78,G,Major,40,7,29,62,0,9,3
Murder In My Mind,Kordhell,1,2022,1,21,2459,20,448843705,20,68,50,0,22,120,A#,Major,71,57,97,1,0,13,11
SOS,SZA,1,2022,12,9,827,0,73981293,6,18,1,0,0,119,G,Minor,51,51,66,67,0,9,23
NEW MAGIC WAND,"Tyler, The Creator",2,2019,5,16,4708,0,461437791,13,7,55,0,1,140,F,Minor,62,46,73,10,0,67,11
Perfect,Ed Sheeran,1,2017,1,1,16596,13,2559529074,7,0,"2,094",0,0,95,G#,Major,60,17,45,16,0,11,2
Butter,BTS,1,2021,5,21,4779,6,1143647827,180,135,223,0,5,110,G#,Major,79,70,36,0,0,6,11
Ojos Marrones,Lasso,1,2022,2,6,795,11,263280370,26,18,15,1,4,120,G#,Minor,81,72,65,4,0,14,4
Gato de Noche,"Nengo Flow, Bad Bunny",2,2022,12,22,2651,30,304118600,21,55,32,3,0,94,G#,Major,89,61,66,17,0,36,16
Stay Alive (Prod. SUGA of BTS),Jung Kook,1,2022,2,11,590,5,246376690,4,113,20,0,1,130,D,Minor,51,50,76,30,0,10,7
SLOW DANCING IN THE DARK,Joji,1,2018,9,12,10211,0,1122364376,38,79,65,0,1,89,D#,Major,52,28,48,54,1,19,3
HUMBLE.,Kendrick Lamar,1,2017,3,30,33206,1,1929770265,284,114,"1,481",0,5,150,C#,Minor,91,42,60,0,0,9,12
A Tu Merced,Bad Bunny,1,2020,2,29,4214,11,685071800,21,20,40,0,0,92,,Major,86,89,79,17,0,11,6
Adore You,Harry Styles,1,2019,12,6,13454,1,1439191367,246,71,519,2,5,99,G#,Major,68,57,77,2,0,10,5
XQ Te Pones Asï¿,"Yandel, Feid",2,2022,9,13,308,0,47093942,6,1,6,0,0,92,A#,Major,81,48,70,13,0,15,7
"Annihilate (Spider-Man: Across the Spider-Verse) (Metro Boomin & Swae Lee, Lil Wayne, Offset)","Swae Lee, Lil Wayne, Offset, Metro Boomin",4,2023,6,2,551,4,86773632,13,46,20,1,10,146,B,Minor,61,20,48,21,0,12,6
We Found Love,"Rihanna, Calvin Harris",2,2011,1,1,36843,21,1235005533,321,91,"4,607",1,58,128,C#,Major,73,60,77,3,0,11,4
SloMo,Chanel,1,2021,12,24,1211,0,65719930,31,0,19,0,2,105,C#,Minor,73,59,81,13,0,9,6
Radio,Lana Del Rey,1,2011,1,1,9389,46,284819874,24,122,282,3,368,150,D,Major,42,20,86,21,0,9,9
Belly Dancer,"BYOR, Imanbek",2,2022,2,18,5115,13,383835984,109,38,301,1,33,122,C#,Major,85,42,80,6,0,17,14
Hope,XXXTENTACION,1,2018,3,16,3659,0,1200808494,11,10,267,0,7,146,A,Minor,59,23,46,66,0,15,6
vampire,Olivia Rodrigo,1,2023,6,30,1397,113,140003974,94,207,91,14,949,138,F,Major,51,32,53,17,0,31,6
Deck The Hall - Remastered 1999,Nat King Cole,1,1959,1,1,3299,0,127027715,65,39,41,0,0,107,F#,Minor,69,96,36,81,0,8,4
Before You Go,Lewis Capaldi,1,2019,11,1,8327,24,1608045237,205,130,625,0,25,112,D#,Major,45,19,60,63,0,9,6
Back To December (Taylor's Version),Taylor Swift,1,2023,7,7,139,17,39228929,16,72,5,0,8,142,D,Major,50,20,64,1,0,12,3
White Christmas,"Bing Crosby, John Scott Trotter & His Orchestra, Ken Darby Singers",3,1942,1,1,11940,0,395591396,73,79,123,0,0,96,A,Major,23,19,25,91,0,40,3
Rolling in the Deep,Adele,1,2010,11,29,35684,6,1472799873,195,125,"6,280",2,78,105,G#,Major,73,52,76,13,0,5,3
Everybody Wants To Rule The World,Tears For Fears,1,1985,2,17,41751,25,1205951614,101,32,"2,655",0,666,112,G,Major,64,54,81,36,0,11,6
LAGUNAS,"Jasiel Nuï¿½ï¿½ez, Peso P",2,2023,6,22,58,18,39058561,2,106,4,2,184,116,B,Major,77,79,62,33,1,15,3
INDUSTRY BABY (feat. Jack Harlow),"Jack Harlow, Lil Nas X",2,2021,7,23,13315,0,1814349763,300,47,690,0,,150,D#,Minor,74,89,70,2,0,5,6
Boy's a liar Pt. 2,"PinkPantheress, Ice Spice",2,2023,2,3,5184,41,156338624,154,84,102,14,37,133,F,Major,70,86,81,25,0,25,5
Players,Coi Leray,1,2022,11,30,4096,6,335074782,118,48,143,0,240,105,F#,Major,95,62,52,3,0,5,16
Plan A,Paulo Londra,1,2022,3,23,1105,0,240661097,32,0,19,0,0,174,,Major,58,56,83,5,0,7,4
Static,Steve Lacy,1,2022,7,15,1613,0,202452860,21,15,13,0,0,79,C#,Major,34,22,31,43,63,10,7
The Scientist,Coldplay,1,2002,8,5,30992,6,1608164312,124,25,"7,827",1,0,146,F,Major,56,21,44,73,0,11,2
ceilings,Lizzy McAlpine,1,2022,4,8,3242,9,293186992,67,55,48,0,6,148,A,Major,51,27,33,48,0,22,3
"Angel Pt 1 (feat. Jimin of BTS, JVKE & Muni Long)","Kodak Black, NLE Choppa, Muni Long, JVKE, Jimin",5,2023,5,1,577,14,133753727,22,18,15,1,0,74,A#,Minor,53,24,67,11,0,10,28
Titi Me Preguntï¿,Bad Bunny,1,2022,5,6,9037,42,1264310836,124,133,139,14,166,107,F,Minor,65,19,72,10,0,13,25
LOKERA,"Brray, Rauw Alejandro, Lyanno",3,2022,7,25,3301,30,471819764,72,64,64,6,3,102,B,Minor,83,58,83,21,0,10,5
DESPECHï¿,ROSALï¿½,1,2022,7,28,7613,33,782369383,180,90,422,15,55,130,G,Major,92,78,62,18,0,6,10
Rush,Troye Sivan,1,2023,7,13,864,78,22581161,71,135,50,1,294,126,F,Minor,74,35,84,0,0,11,6
Happy Xmas (War Is Over),"John Lennon, The Harlem Community Choir, The Plastic Ono Band, Yoko Ono",4,1971,12,1,10829,0,460492795,130,1,390,0,0,147,D,Major,33,39,61,32,0,77,3
My Universe,"Coldplay, BTS",2,2021,9,24,6127,13,1061966512,0,0,0,0,0,105,A,Major,58,42,68,1,0,14,4
Do They Know It's Christmas? - 1984 Version,Band Aid,1,1984,11,25,14169,0,481697415,209,30,449,0,0,115,,Major,60,23,57,0,2,27,3
Vampiro,"Matuï¿½ï¿½, Wiu, ",3,2022,1,30,540,4,187772591,26,3,39,0,0,115,G#,Minor,78,63,64,1,0,7,4
sentaDONA (Remix) s2,"Luï¿½ï¿½sa Sonza, MC Frog, Dj Gabriel do Borel, Davi K",4,2022,3,17,870,0,176290831,32,0,49,0,0,135,D#,Minor,93,77,45,25,0,13,27
Say Yes To Heaven,Lana Del Rey,1,2023,3,17,2000,46,127567540,49,105,63,1,0,100,F#,Minor,49,17,35,71,9,11,3
Hati-Hati di Jalan,Tulus,1,2022,3,3,200,2,202677468,12,4,0,0,0,72,F#,Major,64,76,44,70,9,12,4
Columbia,Quevedo,1,2023,7,7,714,43,58149378,25,89,30,13,194,100,F,Major,67,26,71,37,0,11,4
Me Arrepentï¿,"Ak4:20, Cris Mj, Pailita",3,2022,3,30,273,2,118381354,12,2,4,0,0,92,,Major,86,91,79,29,0,60,16
Seu Brilho Sumiu - Ao Vivo,"Israel & Rodolffo, Mari Fernandez",2,2023,3,1,967,5,138517666,7,29,51,1,29,154,F#,Major,63,75,92,31,0,91,5
Thinkinï¿½ï¿½ï¿½ B,Morgan Wallen,1,2023,3,3,604,6,125917280,22,101,0,0,66,140,D#,Minor,66,43,76,49,0,12,3
Take On Me,a-ha,1,1984,10,19,44927,17,1479115056,34,0,"5,108",6,0,84,F#,Minor,57,86,90,2,0,9,5
Call Out My Name,The Weeknd,1,2018,3,29,11087,6,1449799467,151,107,801,1,105,134,C#,Major,45,17,60,21,0,33,4
Still Don't Know My Name,Labrinth,1,2019,10,4,6332,0,563902868,47,116,266,0,0,88,F,Major,31,31,63,47,27,21,12
Dawn FM,The Weeknd,1,2022,1,7,811,0,53933526,1,8,6,0,0,78,A,Minor,27,10,49,62,0,49,5
Hummingbird (Metro Boomin & James Blake),"James Blake, Metro Boomin",2,2023,6,2,277,1,39666245,1,20,5,0,1,81,F#,Major,59,26,60,46,1,25,13
Niï¿½ï¿½a Bo,"Sean Paul, Feid",2,2023,4,21,1305,34,115010040,29,26,43,5,44,91,G,Major,82,47,62,10,0,10,15
Starboy,"The Weeknd, Daft Punk",2,2016,9,21,29536,79,2565529693,281,137,"2,445",1,140,186,G,Major,68,49,59,16,0,13,28
Shape of You,Ed Sheeran,1,2017,1,6,32181,10,3562543890,33,0,"6,808",7,0,96,C#,Minor,83,93,65,58,0,9,8
Trance (with Travis Scott & Young Thug),"Travis Scott, Young Thug, Metro Boomin",3,2022,12,2,1682,46,276259178,24,90,30,1,176,119,C#,Minor,75,48,53,18,0,18,34
Daylight,David Kushner,1,2023,4,14,3528,98,387570742,80,156,182,24,"1,281",130,D,Minor,51,32,43,83,0,9,3
With you,"HA SUNG WOON, Jimin",2,2022,4,24,343,2,240580042,4,35,11,1,1,150,D#,Major,53,14,43,64,0,13,3
There's Nothing Holdin' Me Back,Shawn Mendes,1,2016,9,23,12382,0,1714490998,229,57,"1,370",2,71,122,D,Major,86,97,80,36,0,9,6
love nwantiti (ah ah ah),Ckay,1,2019,7,26,5669,2,726837877,74,0,262,14,,93,F,Minor,74,53,73,61,0,13,4
House Of Memories,Panic! At The Disco,1,2016,1,15,2948,0,582863434,10,2,150,0,0,110,B,Minor,51,48,82,0,0,5,3
Mount Everest,Labrinth,1,2019,6,21,5443,0,467727006,45,1,80,0,12,89,,Minor,46,43,43,23,8,8,22
Numb,Linkin Park,1,2003,3,24,20111,5,1361425037,39,0,"7,341",0,0,110,A,Major,50,24,86,0,0,64,4
CAIRO,"Karol G, Ovy On The Drums",2,2022,11,13,2418,26,294352144,52,66,55,1,16,115,F,Minor,95,43,69,47,0,9,31
Bite Me,ENHYPEN,1,2023,5,22,349,69,76767396,8,96,5,0,56,105,C#,Major,80,69,78,28,0,11,14
Karma,Taylor Swift,1,2022,10,21,3818,23,404562836,37,55,32,0,272,90,G#,Major,64,10,62,7,0,48,7
Watch This - ARIZONATEARS Pluggnb Remix,"sped up nightcore, ARIZONATEARS, Lil Uzi Vert",3,2023,2,5,1638,10,207033255,0,0,21,0,0,130,B,Minor,69,36,90,1,10,15,4
you broke me first,Tate McRae,1,2020,4,17,6638,0,1180094974,167,19,318,0,1,124,E,Major,64,8,37,79,0,9,5
SPACE MAN,Sam Ryder,1,2022,2,22,1329,0,54682594,42,51,32,0,0,80,B,Major,47,33,83,18,0,10,5
La Bachata,Manuel Turizo,1,2022,5,26,6804,45,1214083358,139,111,161,15,210,125,G,Minor,84,85,68,58,0,22,4
Better Than Revenge (Taylor's Version),Taylor Swift,1,2023,7,7,86,11,30343206,3,33,3,0,1,146,B,Minor,50,67,89,0,0,19,8
Shorty Party,"Cartel De Santa, La Kelly",2,2023,3,4,432,12,162887075,8,14,12,2,33,96,D,Major,93,47,47,33,0,10,36
Just The Way You Are,Bruno Mars,1,2010,1,1,21106,13,1641426668,82,0,"2,946",0,0,109,F,Major,63,46,85,1,0,9,5
STAY (with Justin Bieber),"Justin Bieber, The Kid Laroi",2,2021,7,9,17050,36,2665343922,492,99,798,31,0,170,C#,Major,59,48,76,4,0,10,5
Hits Different,Taylor Swift,1,2023,5,26,547,0,68616963,15,15,6,0,0,106,F,Major,67,24,78,15,0,30,4
Made You Look,Meghan Trainor,1,2022,10,21,3956,6,502574952,142,23,127,3,16,145,A#,Major,84,88,53,35,0,8,7
If We Ever Broke Up,Mae Stephens,1,2023,2,10,2040,4,165584767,81,27,66,9,444,116,G,Major,90,96,73,62,0,9,4
Love Nwantiti - Remix,"Ckay, AX'EL, Dj Yo!",3,2019,8,30,2696,0,540539717,42,2,57,0,,120,G#,Major,58,44,60,44,9,5,6
STAR WALKIN' (League of Legends Worlds Anthem),Lil Nas X,1,2022,9,22,2616,0,332506354,113,17,208,0,192,142,D,Minor,64,31,72,15,0,9,5
Love Language,SZA,1,2022,12,9,1127,0,110849052,16,63,8,0,0,65,A,Minor,71,55,26,85,0,13,8
Heat Waves,Glass Animals,1,2020,6,28,22543,63,2557975762,386,144,707,28,,81,B,Major,76,53,53,44,0,9,9
Miss You,Southstar,1,1982,5,16,2020,0,154356956,77,10,119,0,40,145,A,Major,66,24,58,17,0,19,5
Lost in the Fire,"The Weeknd, Gesaffelstein",2,2019,1,11,7731,2,686734357,110,145,447,0,46,101,D,Major,66,18,68,9,0,12,4
Bebe Dame,"Fuerza Regida, Grupo Frontera",2,2022,12,16,849,22,367316268,27,129,21,7,111,157,G,Major,54,75,60,30,0,7,5
Let Me Down Slowly,Alec Benjamin,1,2018,5,25,5897,19,1374581173,0,0,885,0,0,150,C#,Minor,65,51,55,73,0,14,3
Di Que Si,"Grupo Marca Registrada, Grupo Frontera",2,2023,2,3,356,10,147290338,4,64,4,2,37,182,A,Major,57,80,59,8,0,6,5
Agosto,Bad Bunny,1,2022,5,6,897,0,246127838,6,20,8,0,0,115,C#,Minor,85,72,58,9,0,49,12
Iris,The Goo Goo Dolls,1,1998,3,31,13101,9,1284942608,137,5,582,0,0,156,B,Minor,32,49,72,0,0,9,4
Cartï¿½ï¿½o B,"MC Caverinha, KayBlack",2,2023,5,11,269,4,71573339,7,2,30,1,11,108,A,Minor,84,55,47,26,0,20,64
Last Night,Morgan Wallen,1,2023,1,31,2420,19,429829812,52,107,15,1,325,204,F#,Major,52,52,68,46,0,15,4
cardigan,Taylor Swift,1,2020,7,24,7923,29,812019557,106,112,142,4,215,130,,Minor,61,53,58,55,0,27,4
Volvï¿,"Aventura, Bad Bunny",2,2021,8,3,5375,10,673801126,138,24,133,0,1,176,C#,Major,73,79,86,42,0,7,18
WANDA,Quevedo,1,2023,1,20,888,22,175399345,11,24,7,1,7,176,E,Minor,72,96,63,25,0,21,7
MIENTRAS ME CURO DEL CORA,Karol G,1,2023,2,24,1020,35,206399629,15,26,30,6,0,80,,Major,52,57,48,86,0,15,39
Can't Hold Us (feat. Ray Dalton),"Ray Dalton, Ryan Lewis, Macklemore",3,2011,8,16,6074,52,1953533826,201,44,"6,551",2,0,146,D,Major,63,88,93,3,0,10,8
Pass The Dutchie,Musical Youth,1,1982,1,1,5328,0,195918494,54,76,900,0,0,151,G,Major,73,88,67,20,0,32,5
Love Yourself,Justin Bieber,1,2015,11,9,22730,5,2123309722,289,87,"2,430",0,36,100,E,Major,61,53,38,84,0,28,44
Igualito a Mi Apï¿,"Fuerza Regida, Peso Pluma",2,2022,12,30,265,6,158950978,8,84,5,1,4,145,E,Minor,76,80,81,19,0,6,9
Boyfriends,Harry Styles,1,2022,5,20,1517,0,137070925,26,2,30,0,0,118,,Major,42,32,20,94,0,11,4
Less Than Zero,The Weeknd,1,2022,1,7,2800,0,200660871,18,77,61,0,1,143,,Major,53,50,79,0,0,8,3
Lï¿½ï¿½ï¿,Stromae,1,2022,1,9,2035,0,108809090,41,122,394,0,2,88,D,Minor,56,58,55,35,0,23,11
Cinema,Harry Styles,1,2022,5,20,2171,0,189236868,18,1,28,0,0,106,A,Minor,83,90,64,35,5,9,4
Starry Eyes,The Weeknd,1,2022,1,7,1014,0,74601456,1,17,11,0,0,86,A,Minor,28,13,41,50,0,19,3
Evoque Prata,"DJ Escobar, MC MENOR SG, MC MENOR HR",3,2022,9,9,852,0,174006928,14,1,50,0,0,87,G,Major,87,52,52,31,0,28,24
All of Me,John Legend,1,2013,8,1,27221,0,2086124197,308,118,"4,534",2,77,120,G#,Major,42,33,26,92,0,13,3
Sacrifice,The Weeknd,1,2022,1,7,4440,0,326792833,81,77,133,0,,122,G,Major,70,91,79,3,0,7,10
good 4 u,Olivia Rodrigo,1,2021,5,14,15563,6,1887039593,259,55,461,1,,166,F#,Minor,56,68,66,28,0,11,18
Dakiti,"Bad Bunny, Jhay Cortez",2,2020,10,30,11215,21,1763363713,189,166,525,9,25,110,E,Minor,73,14,57,40,0,11,5
Lover,Taylor Swift,1,2012,1,1,8448,23,882831184,160,110,163,0,5,206,G,Major,43,50,55,50,0,15,10
Snowman,Sia,1,2017,1,1,5140,0,690104769,85,110,500,0,,105,C#,Major,72,33,51,48,0,9,3
I'm Not Here To Make Friends,"Sam Smith, Calvin Harris, Jessie Reyez",3,2023,1,27,1890,0,103787664,86,1,49,0,9,115,,Major,70,84,90,17,0,41,6
Acapulco,Jason Derulo,1,2021,9,1,3098,0,363467642,111,5,182,1,0,122,A#,Major,77,51,79,5,0,16,5
Talk,YEAT,1,2022,9,2,920,0,148461629,10,1,8,0,0,140,E,Minor,70,26,76,8,0,54,23
Stefania (Kalush Orchestra),KALUSH,1,2022,3,10,555,0,53729194,10,4,4,0,0,105,D,Major,83,32,82,14,0,12,4
El Cielo,"Feid, Myke Towers, Sky Rompiendo",3,2023,6,2,1298,38,107753850,44,64,57,10,110,106,A#,Minor,72,17,64,7,0,10,5
"Am I Dreaming (Metro Boomin & A$AP Rocky, Roisee)","A$AP Rocky, Metro Boomin, Roisee",3,2023,6,2,727,16,94186466,17,60,28,1,44,90,A,Minor,60,13,53,4,0,21,4
TRUSTFALL,P!nk,1,2023,1,27,2098,16,134255790,88,24,101,7,451,122,G#,Major,64,25,89,0,0,15,9
LALA,Myke Towers,1,2023,3,23,1474,48,133716286,48,126,58,14,382,92,C#,Major,71,61,74,7,0,10,4
Life Goes On,Oliver Tree,1,2020,7,17,2868,0,501541661,43,15,116,0,,80,,Major,70,57,49,19,0,12,8
No Role Modelz,J. Cole,1,2014,12,9,21164,36,1791000570,80,65,476,0,14,100,A#,Minor,70,47,52,30,0,6,33
Cupid - Twin Ver.,Fifty Fifty,1,2023,2,24,2942,77,496795686,91,212,78,6,0,120,B,Minor,78,76,59,43,0,34,3
MONTAGEM - FR PUNK,"Ayparia, unxbected",2,2012,6,20,641,50,58054811,1,52,8,0,"1,170",129,A,Major,63,84,82,70,8,9,7
MONEY,Lisa,1,2021,9,10,2566,13,863625566,44,109,131,0,,140,C#,Minor,83,40,55,16,0,14,23
Where Did You Go?,"MNEK, Jax Jones",2,2022,1,26,4531,0,300983101,135,74,119,1,18,127,A#,Major,77,53,78,19,0,29,4
Need To Know,Doja Cat,1,2021,6,11,6672,0,1042568408,125,36,150,0,,130,C#,Major,66,19,61,30,0,9,7
TULUM,"Peso Pluma, Grupo Frontera",2,2023,6,28,266,34,52294266,20,185,13,8,197,168,F#,Major,56,63,87,39,0,11,5
Boy's a liar,PinkPantheress,1,2022,11,30,1225,0,156338624,27,0,28,13,0,133,F,Major,66,74,84,25,0,21,4
La Loto,"Anitta, Tini, Becky G",3,2022,7,6,945,0,121189256,49,3,57,0,0,90,C#,Major,85,80,83,10,0,8,11
Everything I Love,Morgan Wallen,1,2023,1,31,579,0,95623148,11,54,0,0,103,104,G#,Major,56,72,85,0,0,15,3
"Cayï¿½ï¿½ La Noche (feat. Cruz Cafunï¿½ï¿½, Abhir Hathi, Bejo, EL IMA)","Quevedo, La Pantera, Juseph, Cruz Cafunï¿½ï¿½, Bï¿½ï¿½jo, Abhir Hathi",7,2022,1,14,1034,1,245400167,19,5,12,0,0,174,F,Minor,67,74,75,44,0,7,30
Underneath the Tree,Kelly Clarkson,1,2013,10,25,6596,0,485285717,144,99,251,0,0,160,G#,Major,51,69,81,0,0,21,5
The Astronaut,Jin,1,2022,10,28,481,9,203436468,10,100,15,1,27,125,F,Major,54,22,76,0,0,14,3
Mirror,Kendrick Lamar,1,2022,5,13,1929,0,53603447,2,0,4,0,0,92,E,Minor,66,29,65,23,0,8,7
Pope Is a Rockstar,SALES,1,2016,4,20,1966,0,156658366,4,2,50,0,0,90,E,Minor,73,31,45,85,24,11,3
ANTIFRAGILE,LE SSERAFIM,1,2022,10,17,761,12,301051721,23,95,11,0,3,105,A#,Minor,88,82,80,8,0,11,8
505,Arctic Monkeys,1,2007,4,20,13985,25,1217120710,30,80,588,1,1,140,,Major,52,20,85,0,0,7,5
Danger (Spider) (Offset & JID),"Offset, JID",2,2023,6,2,214,0,24975653,3,3,6,0,0,143,B,Major,83,25,69,4,0,23,12
Christmas (Baby Please Come Home),Darlene Love,1,1963,11,22,9122,0,242767149,121,58,212,0,0,126,D#,Major,34,35,76,39,0,8,5
Queencard,(G)I-DLE,1,2023,5,15,451,33,96273746,10,126,7,0,148,130,E,Minor,82,69,83,3,0,27,5
Every Angel is Terrifying,The Weeknd,1,2022,1,7,715,0,37307967,0,1,2,0,0,118,,Major,44,52,94,11,0,4,29
Sin Seï¿½ï,"Ovy On The Drums, Quevedo",2,2022,7,22,1097,2,209106362,18,10,13,1,1,118,B,Minor,82,75,85,33,1,11,4
Blessed-Cursed,ENHYPEN,1,2022,1,10,246,0,77337771,2,12,10,0,0,127,E,Minor,60,40,89,9,0,60,6
Quï¿½ï¿½ Ago,"Yuridia, Angela Aguilar",2,2022,10,20,660,15,236857112,19,59,18,5,52,98,B,Major,73,88,57,56,0,5,2
Chanel,"Becky G, Peso Pluma",2,2023,3,30,681,10,161460990,15,92,21,2,26,132,D,Major,85,53,68,40,0,9,4
Every Summertime,NIKI,1,2021,8,10,1211,2,290228626,30,2,5,0,6,79,F#,Major,63,76,67,38,0,6,4
My Mind & Me,Selena Gomez,1,2022,11,3,953,0,91473363,61,13,37,1,0,144,A,Major,60,24,39,57,0,8,3
Honest (feat. Don Toliver),"Justin Bieber, Don Toliver",2,2022,4,29,1351,0,106919680,26,1,17,0,0,150,G#,Minor,82,82,66,13,0,11,6
Mood (feat. Iann Dior),"24kgoldn, Iann Dior",2,2020,7,24,12854,0,1699402402,237,27,636,0,,91,G,Minor,70,76,72,22,0,27,4
WORTH NOTHING,"Twisted, Oliver Tree",2,2022,9,28,1612,0,213438580,34,54,34,0,2,140,D,Minor,58,17,62,18,0,20,8
Demasiadas Mujeres,C. Tangana,1,2020,10,8,2226,0,339473453,36,2,11,0,14,126,A,Minor,67,37,46,13,0,10,39
The Feels,TWICE,1,2021,10,1,1150,0,345903614,20,99,44,0,2,120,A,Major,81,92,90,9,0,8,7
Double Fantasy (with Future),"The Weeknd, Future",2,2023,4,21,1169,0,96180277,36,65,28,0,0,119,A,Minor,60,10,57,1,0,50,3
212,"Mainstreet, Chefin",2,2022,1,15,352,0,143139338,10,0,39,0,0,154,D,Minor,79,86,52,66,0,9,7
positions,Ariana Grande,1,2020,10,23,8207,0,1252563873,175,55,95,0,2,144,,Major,73,66,80,44,0,9,12
golden hour,JVKE,1,2022,7,15,4511,36,751134527,70,58,109,18,230,94,C#,Minor,51,14,59,65,18,25,3
When I R.I.P.,Labrinth,1,2019,10,4,2578,0,203680270,8,67,66,0,0,80,G#,Minor,39,45,55,73,0,9,21
Hype Boy,NewJeans,1,2022,8,1,892,17,363472647,20,119,12,2,7,100,E,Minor,59,78,94,27,0,29,23
Forget Me,Lewis Capaldi,1,2022,9,9,2520,4,239411309,93,95,84,9,202,102,C#,Minor,67,72,74,30,0,36,4
See You Again,"Tyler, The Creator, Kali Uchis",3,2017,7,21,13387,64,1047101291,77,58,247,1,311,79,F#,Major,56,58,56,37,0,11,10
Savior - Interlude,Kendrick Lamar,1,2022,5,13,1194,0,37091576,0,0,3,0,0,118,F,Minor,66,83,43,84,0,19,19
"Nobody Like U - From ""Turning Red""","Jordan Fisher, Josh Levi, Finneas O'Connell, 4*TOWN (From Disney and Pixarï¿½ï¿½ï¿½s Turning Red), Topher Ngo, Grayson Vill",6,2022,2,25,918,0,120847157,34,39,30,0,0,105,A,Minor,91,73,72,13,0,9,15
The Nights,Avicii,1,2014,1,1,17354,8,1456081449,92,122,"1,282",0,55,126,F#,Major,53,66,85,2,0,24,4
How Do I Make You Love Me?,The Weeknd,1,2022,1,7,1915,0,119238316,7,47,15,0,0,121,G,Minor,80,62,51,2,0,9,8
"What Was I Made For? [From The Motion Picture ""Barbie""]",Billie Eilish,1,2023,7,13,873,104,30546883,80,227,95,24,"1,173",78,,Major,44,14,9,96,0,10,3
F2F,SZA,1,2022,12,9,989,0,67540165,5,9,1,0,0,90,D,Major,53,47,74,9,0,34,4
No Se Va,Grupo Frontera,1,2022,4,28,924,18,404887295,17,80,22,9,38,173,,Major,59,69,53,12,0,23,3
Crown,Kendrick Lamar,1,2022,5,13,1493,0,42485571,2,0,10,0,0,170,C#,Minor,37,14,24,80,0,11,4
Formula,Labrinth,1,2019,10,4,3444,7,554875730,24,85,102,0,1,145,B,Major,57,23,66,4,6,15,4
THATS WHAT I WANT,Lil Nas X,1,2021,9,17,7963,0,920797189,173,7,298,0,4,88,C#,Minor,74,55,85,1,0,5,22
Vai Lï¿½ï¿½ Em Casa ,"Marï¿½ï¿½lia Mendonï¿½ï¿½a, George Henrique &",2,2021,10,22,772,0,263894529,7,3,89,0,0,158,G#,Minor,46,62,83,53,0,97,28
drivers license,Olivia Rodrigo,1,2021,1,8,12685,3,1858144199,185,61,485,0,,144,A#,Major,59,21,43,76,0,10,7
Santa Tell Me,Ariana Grande,1,2013,12,13,9408,0,834129063,231,106,439,0,,133,G,Major,46,53,63,5,0,30,18
Nos Comemos (feat. Ozuna),"Ozuna, Tiago pzk",2,2022,6,2,896,0,138334433,0,0,2,0,0,92,F#,Major,83,56,82,10,0,9,5
we fell in love in october,girl in red,1,2018,11,21,6858,0,723043854,31,21,15,0,4,130,G,Major,57,24,37,11,18,16,3
Una Noche en Medellï¿½,Cris Mj,1,2022,1,21,5415,32,682475162,46,16,53,1,2,96,A#,Minor,87,82,53,10,0,5,8
Bad Decisions (with BTS & Snoop Dogg),"Snoop Dogg, BTS, Benny Blanco",3,2022,8,5,1456,0,219196651,53,2,33,0,0,120,,Major,77,94,87,2,0,23,12
Lady Mi Amor,Feid,1,2022,9,13,330,0,53987404,3,0,2,0,0,93,D,Major,78,75,62,6,0,15,6
SABOR FRESA,Fuerza Regida,1,2023,6,22,250,26,78300654,16,149,10,5,168,130,G,Minor,79,96,86,9,0,9,9
Por las Noches,Peso Pluma,1,2021,6,11,457,24,330346424,8,116,4,3,2,92,,Major,81,39,60,31,0,7,3
Ditto,NewJeans,1,2022,12,19,1154,22,397582059,28,125,11,1,51,134,F#,Minor,81,18,64,3,0,10,11
It's the Most Wonderful Time of the Year,Andy Williams,1,1963,10,14,8879,0,663832097,182,107,160,0,1,202,G,Major,24,76,60,77,0,12,4
"Stay With Me (with Justin Timberlake, Halsey, & Pharrell)","Calvin Harris, Halsey, Pharrell Williams, Justin Timberlake",4,2022,7,15,3113,0,123473120,54,6,124,1,0,126,A,Major,81,90,73,28,0,29,4
Softcore,The Neighbourhood,1,2018,3,9,3947,12,599770206,33,102,93,0,30,94,D,Major,57,36,58,5,0,15,3
Gasolina,Daddy Yankee,1,2004,7,13,6457,18,657723613,98,95,453,0,454,96,,Major,86,74,80,33,0,8,6
Problemï¿½,"Alvaro Diaz, Rauw Alejandro",2,2021,10,22,1517,0,209768491,42,7,15,0,4,92,D,Minor,73,37,74,28,0,14,6
Yellow,Chris Molitor,1,1999,1,1,31358,43,1755214421,196,2,"4,053",5,0,173,B,Major,43,28,66,0,0,23,3
Sï¿½ï¿½,"Anuel Aa, Myke Towers, Jhay Cortez",3,2021,11,18,903,0,177129919,30,26,15,0,0,90,F#,Minor,63,75,75,17,0,11,8
Someone You Loved,Lewis Capaldi,1,2018,11,8,17836,53,2887241814,440,125,"1,800",0,,110,C#,Major,50,45,41,75,0,11,3
Bejeweled,Taylor Swift,1,2022,10,21,2699,0,328207708,39,35,22,2,0,164,G,Major,70,39,56,6,0,9,7
A Veces (feat. Feid),"Feid, Paulo Londra",2,2022,11,3,573,0,73513683,2,0,7,0,0,92,C#,Major,80,81,67,4,0,8,6
SPIT IN MY FACE!,ThxSoMch,1,2022,10,31,629,14,303216294,32,3,9,0,0,94,G#,Major,73,65,79,5,2,11,6
La Santa,"Daddy Yankee, Bad Bunny",2,2020,2,29,4890,20,759208783,52,42,100,0,0,93,C#,Major,74,59,87,3,0,8,5
LADY GAGA,"Gabito Ballesteros, Junior H, Peso Pluma",3,2023,6,22,332,26,86444842,11,163,10,4,0,140,F,Minor,65,87,74,22,0,42,4
Cooped Up (with Roddy Ricch),"Post Malone, Roddy Ricch",2,2022,5,12,2942,0,271666301,42,28,43,0,0,125,,Major,50,39,78,4,0,11,33
The Color Violet,Tory Lanez,1,2021,12,10,2585,32,415932686,3,79,21,1,54,105,F#,Minor,65,46,53,16,0,9,5
Unholy (feat. Kim Petras),"Sam Smith, Kim Petras",2,2022,9,22,8576,42,1230675890,216,108,331,26,154,131,D,Major,71,24,47,1,0,27,9
2055,Sleepy hallow,1,2021,4,14,2226,0,624515457,29,0,44,0,0,161,F#,Minor,78,65,52,46,0,12,31
Quï¿½ï¿½ Mï¿½ï¿,"J Balvin, Maria Becerra",2,2021,1,28,8087,0,720825549,92,34,131,0,0,102,G#,Major,89,77,82,3,0,17,11
Bam Bam (feat. Ed Sheeran),"Camila Cabello, Ed Sheeran",2,2022,3,4,6111,4,756907987,185,40,492,9,35,95,G#,Major,76,96,70,18,0,33,4
Save Your Tears (with Ariana Grande) (Remix),"Ariana Grande, The Weeknd",2,2020,3,20,9161,5,1221813483,240,98,468,3,10,118,,Major,65,63,79,3,0,10,3
Watermelon Sugar,Harry Styles,1,2019,11,17,21915,34,2322580122,437,115,"1,212",12,,95,,Major,55,56,82,12,0,34,5
Flowers,Lauren Spencer Smith,1,2021,8,9,801,0,184826429,42,9,24,1,1,138,D#,Major,70,31,44,84,0,9,39
Pink Venom,BLACKPINK,1,2022,8,19,1963,16,551305895,57,119,77,1,13,90,,Major,80,71,69,2,0,27,10
Born With A Beer In My Hand,Morgan Wallen,1,2023,3,3,203,0,34450974,5,9,0,0,0,148,,Major,53,61,81,5,0,36,4
Chemical,Post Malone,1,2023,4,14,2528,39,172825906,56,91,59,3,486,170,D,Major,50,37,90,0,0,12,5
die first,Nessa Barrett,1,2022,6,24,767,0,131746175,25,0,22,0,0,183,G#,Minor,44,44,67,7,0,12,13
THE LONELIEST,Mï¿½ï¿½ne,1,2022,10,7,1585,5,225093344,78,65,328,1,198,130,D,Major,52,24,60,0,0,8,3
Memories,Maroon 5,1,2019,9,20,9974,2,1759567999,272,67,"1,066",1,19,91,B,Major,77,60,32,84,0,8,5
Dreamers [Music from the FIFA World Cup Qatar 2022 Official Soundtrack],"BTS, Jung Kook, FIFA Sound",3,2022,11,20,889,20,323358833,11,78,35,0,21,115,,Major,71,34,88,16,0,44,4
MERCHO,"Migrantes, LiL CaKe, Nico Valdi",3,2022,12,16,1267,20,231332117,41,22,56,4,84,93,F#,Minor,84,96,79,43,0,18,11
Ensï¿½ï¿½ï¿½ï¿½ame ,Bad Bunny,1,2022,5,6,1112,3,279737940,7,25,12,0,0,105,G#,Major,81,77,79,19,0,47,8
Nail Tech,Jack Harlow,1,2022,2,18,2939,0,193443895,42,0,24,0,0,150,E,Minor,65,11,58,0,0,12,9
Te Felicito,"Shakira, Rauw Alejandro",2,2022,4,21,4796,9,606361689,124,66,212,13,1,174,F,Major,70,57,64,23,0,8,32
Bigger Than The Whole Sky,Taylor Swift,1,2022,10,21,1180,0,121871870,4,0,8,0,0,166,F#,Major,42,7,24,83,1,12,6
Sunflower - Spider-Man: Into the Spider-Verse,"Post Malone, Swae Lee",2,2018,10,9,24094,78,2808096550,372,117,843,4,69,90,D,Major,76,91,50,54,0,7,5
Pepas,Farruko,1,2021,6,24,14114,17,1309887447,252,109,965,20,,130,G,Major,76,44,77,1,0,13,3
on the street (with J. Cole),"j-hope, J. Cole",2,2023,3,3,615,2,116599790,22,82,8,0,9,94,B,Minor,68,81,82,53,0,9,13
Neverita,Bad Bunny,1,2022,5,6,2590,30,671365962,20,64,35,6,0,122,A#,Major,88,43,50,7,0,14,5
La Corriente,"Tony Dize, Bad Bunny",2,2022,5,6,1796,8,479655659,8,25,18,1,0,196,B,Minor,66,58,79,23,0,22,20
Medallo,"Justin Quiles, Lenny Tavï¿½ï¿½rez, BL",3,2021,10,27,2780,2,393230256,54,21,57,1,0,90,E,Minor,79,79,70,57,0,66,8
happier,Olivia Rodrigo,1,2021,5,21,3069,4,850608354,25,46,105,0,45,169,F#,Major,39,36,45,81,0,8,13
Un Verano Sin Ti,Bad Bunny,1,2022,5,6,1004,1,283332261,8,12,9,0,0,188,F,Minor,50,41,50,69,0,12,6
Enemy (with JID) - from the series Arcane League of Legends,"Imagine Dragons, League of Legends, JID, Arcane",4,2021,9,3,6180,7,1223481149,122,88,580,21,10,77,B,Minor,72,59,76,24,0,42,28
Flowers,Miley Cyrus,1,2023,1,12,12211,115,1316855716,300,215,745,58,"1,021",118,,Major,71,65,68,6,0,3,7
Lavender Haze,Taylor Swift,1,2022,10,21,3763,8,488386797,51,43,38,10,1,97,A#,Major,73,10,44,26,0,16,8
LA CANCIï¿½,"J Balvin, Bad Bunny",2,2019,6,28,6398,31,1435127549,177,109,305,3,5,176,G,Major,75,43,65,15,0,11,32
CUFF IT,Beyoncï¿,1,2022,7,29,7842,10,595900742,215,88,330,26,23,115,G,Major,78,64,69,4,0,7,14
Let It Snow! Let It Snow! Let It Snow!,"Frank Sinatra, B. Swanson Quartet",2,1950,1,1,10585,0,473248298,126,108,406,0,0,143,D,Major,60,86,32,88,0,34,6
Unstoppable,Sia,1,2016,1,21,7681,13,939844851,119,66,"1,145",2,,174,A,Major,47,27,78,11,0,10,8
family ties (with Kendrick Lamar),"Kendrick Lamar, Baby Keem",2,2021,8,27,6308,5,560222750,114,15,63,0,2,134,C#,Major,71,14,61,1,0,23,33
Obsessed,"Abhijay Sharma, Riar Saab",2,2022,9,29,161,6,71007139,10,79,2,0,42,135,F,Minor,80,85,74,62,0,8,9
Arcade,Duncan Laurence,1,2019,3,7,6646,0,991336132,107,47,584,1,,72,A,Minor,45,27,33,82,0,14,4
"Shakira: Bzrp Music Sessions, Vol. 53","Shakira, Bizarrap",2,2023,1,11,5724,44,721975598,119,108,254,29,22,122,D,Minor,78,50,63,27,0,9,5
Layla,"Schï¿½ï¿½rze, DJ R",2,2022,3,24,832,3,130419412,18,124,24,1,0,140,F,Minor,44,41,92,0,0,44,7
En Paris,"El Chachito, Junior H",2,2022,12,24,406,5,198275403,3,31,2,1,0,139,D#,Minor,70,77,48,37,0,12,5
Cold Heart - PNAU Remix,"Dua Lipa, Elton John, Pnau",3,2017,11,10,21097,52,1605224506,384,135,"1,034",37,312,116,C#,Major,80,92,80,4,0,10,3
DANï¿½ï¿½A,"Mc Pedrinho, Pedro Sampaio",2,2022,2,1,911,2,208166039,45,0,99,1,1,135,A,Minor,78,55,57,4,0,10,8
Caile,Luar La L,1,2020,12,18,1494,2,273914335,17,12,15,0,0,122,,Major,70,46,76,30,0,9,45
Take My Breath,The Weeknd,1,2021,8,6,2597,0,130655803,17,80,38,0,0,121,A#,Minor,70,35,77,1,0,26,4
Lucid Dreams,Juice WRLD,1,2017,6,15,14749,0,2288695111,188,34,710,0,5,84,B,Minor,44,22,48,38,0,33,24
Peru,"Ed Sheeran, Fireboy DML",2,2021,12,23,2999,0,261286503,60,17,154,0,22,108,G,Minor,96,71,42,57,0,8,9
Spin Bout U,"Drake, 21 Savage",2,2022,11,4,1652,2,198365537,26,52,10,0,95,130,G,Major,77,20,70,1,0,16,5
The Great War,Taylor Swift,1,2022,10,21,1274,0,181382590,1,6,11,0,0,96,F,Major,57,55,74,22,0,8,4
Ya No Somos Ni Seremos,Christian Nodal,1,2022,2,18,866,16,319757142,27,84,32,7,11,140,G,Major,59,73,45,44,0,34,3
Rich - Interlude,Kendrick Lamar,1,2022,5,13,1103,0,41210087,0,0,0,0,0,104,G,Major,44,74,42,88,0,9,9
The Hills,The Weeknd,1,2015,5,27,25744,4,1947371785,122,94,"1,992",0,18,136,,Minor,36,12,57,9,0,14,8
It's Beginning to Look a Lot Like Christmas (with Mitchell Ayres & His Orchestra),"Perry Como, The Fontane Sisters, Mitchell Ayres & His Orchestra",3,1958,1,1,6290,0,295998468,89,39,158,0,0,113,G,Major,73,72,32,77,0,15,5
Tattoo,Loreen,1,2023,2,25,2988,59,201660859,74,102,145,18,925,150,D#,Minor,55,30,78,24,0,12,8
I Really Want to Stay at Your House,"Rosa Walton, Hallie Coggins",2,2020,12,18,668,1,140430339,0,0,31,0,,125,D#,Minor,49,13,74,0,0,9,4
Yo No Soy Celoso,Bad Bunny,1,2022,5,6,1179,0,313113297,7,21,11,0,0,142,,Major,87,93,59,28,0,17,5
All Of The Girls You Loved Before,Taylor Swift,1,2019,8,23,1282,6,185240616,26,6,19,0,5,96,D,Major,72,40,47,71,0,13,4
Keep Driving,Harry Styles,1,2022,5,20,2094,1,236060709,8,1,18,0,0,165,A,Major,72,90,48,32,0,18,23
Thunder,"Prezioso, Gabry Ponte, LUM!X",3,2021,5,7,4846,10,422691058,54,16,259,0,13,101,C#,Major,67,40,90,3,0,34,6
For Youth,BTS,1,2022,6,10,327,0,114546317,5,40,12,0,0,117,D,Major,63,29,51,43,0,25,4
Forgot About Dre,"Eminem, Dr. Dre",2,1999,1,1,19067,0,675039469,78,15,"1,674",0,3,134,G#,Major,93,61,74,9,0,17,8
DARARI,Treasure,1,2022,2,15,328,0,182978249,10,21,7,0,9,85,,Major,72,55,64,49,0,7,4
Super,SEVENTEEN,1,2023,4,24,271,12,91221625,16,103,9,0,55,137,G#,Major,77,35,88,16,0,17,9
Sigue,"Ed Sheeran, J Balvin",2,1996,11,24,1370,0,106933107,46,8,60,0,0,88,G,Major,89,59,64,5,0,19,7
Cupido,Tini,1,2023,2,14,1240,24,217672943,51,29,63,4,54,120,A,Major,91,63,58,52,0,31,22
Jingle Bells - Remastered 1999,Frank Sinatra,1,1957,1,1,4326,0,178660459,32,3,65,0,0,175,G#,Major,51,94,34,73,0,10,5
Pantysito,"Feid, Alejo, Robi",3,2022,3,18,2995,0,273005485,49,17,30,0,0,98,G,Minor,83,63,74,14,0,16,6
Baile no Morro,"Mc Vitin Da Igrejinha, MC Tairon, DJ Win",3,2022,6,10,685,2,129314708,17,0,24,0,30,130,D#,Minor,71,78,40,46,0,7,45
Privileged Rappers,"Drake, 21 Savage",2,2022,11,4,1007,0,112436403,6,5,3,0,0,144,F,Major,93,62,61,0,0,12,20
Miracle (with Ellie Goulding),"Calvin Harris, Ellie Goulding",2,2023,3,10,5120,48,211050784,161,115,246,9,638,143,A,Major,64,31,87,4,4,8,4
HAPPY,NF,1,2023,3,25,660,0,52722996,22,7,11,0,78,106,G,Major,73,22,86,31,0,12,4
Kill Bill,SZA,1,2022,12,8,8109,77,1163093654,183,162,161,12,187,89,G#,Major,64,43,73,5,17,16,4
After Dark,Mr.Kitty,1,2014,8,8,1776,14,646886885,1,9,3,0,0,140,G#,Major,58,4,60,7,41,8,3
United In Grief,Kendrick Lamar,1,2022,5,13,2575,0,156898322,4,5,12,0,51,87,G#,Major,52,32,83,24,0,17,43
PUFFIN ON ZOOTIEZ,Future,1,2022,4,29,2350,0,254218729,28,42,23,0,0,125,G#,Major,88,28,66,6,0,13,31
When Iï¿½ï¿½ï¿½m Gone (with Katy ,"Katy Perry, Alesso",2,2021,12,29,3270,0,226897599,89,21,65,0,0,125,,Major,69,70,89,4,0,49,3
"Peso Pluma: Bzrp Music Sessions, Vol. 55","Bizarrap, Peso Pluma",2,2023,5,31,1313,40,200647221,17,152,32,11,139,133,F,Minor,85,81,67,26,0,12,5
Believer,Imagine Dragons,1,2017,1,31,18986,23,2594040133,250,121,"2,969",10,31,125,A#,Minor,77,74,78,4,0,23,11
"Come Back Home - From ""Purple Hearts""",Sofia Carson,1,2022,7,12,367,0,97610446,28,67,195,0,0,145,G,Major,56,43,53,24,0,12,4
AM Remix,"J Balvin, Nio Garcia, Bad Bunny",3,2021,6,24,6556,0,528544703,93,5,67,1,0,172,F#,Minor,74,79,66,11,0,8,16
Alien Blues,Vundabar,1,2015,7,24,1930,0,370068639,3,0,28,0,1,82,D#,Major,47,44,76,8,91,9,3
La Zona,Bad Bunny,1,2020,2,29,1188,0,312622938,13,1,15,0,1,94,C#,Minor,76,81,80,20,0,25,4
"Apna Bana Le (From ""Bhediya"")","Arijit Singh, Sachin-Jigar",2,2022,11,5,86,0,139836056,11,101,0,0,48,94,A,Major,59,44,56,80,0,6,3
Run Rudolph Run - Single Version,Chuck Berry,1,1958,1,1,8612,0,245350949,120,30,52,0,1,152,G,Minor,69,94,71,79,0,7,8
Far,SZA,1,2022,12,9,680,0,51641685,2,15,1,0,0,116,D,Major,61,48,55,67,0,16,8
Swim,Chase Atlantic,1,2017,10,4,2742,0,498960285,5,1,62,0,0,120,G#,Major,67,8,54,27,0,8,4
Here With Me,d4vd,1,2022,7,17,3246,23,635412045,94,85,68,1,84,132,E,Major,58,27,48,50,0,12,3
Grapejuice,Harry Styles,1,2022,5,20,1986,0,199587884,7,1,15,0,0,183,F,Major,65,88,72,36,14,20,3
You Right,"Doja Cat, The Weeknd",2,2021,6,24,5073,0,672656250,83,9,100,0,4,129,G#,Major,83,44,62,2,0,8,6
Muï¿½ï¿½,"Steve Aoki, Tini, La Joaqui",3,2023,1,12,658,6,120972253,33,7,53,2,0,90,A#,Minor,68,83,71,3,0,31,8
VAGABUNDO,"Sebastian Yatra, Manuel Turizo, Beï¿½ï",3,2023,5,12,1094,34,90839753,40,58,47,8,203,127,B,Minor,82,89,85,4,0,23,6
Devil Donï¿½ï¿½ï¿½,Morgan Wallen,1,2023,3,3,166,0,32526947,2,10,0,0,0,125,,Major,53,32,66,38,0,9,3
You Proof,Morgan Wallen,1,2022,5,13,2128,9,367814306,37,88,9,0,14,120,A,Major,73,64,85,25,0,61,3
ýýý98 Braves,Morgan Wallen,1,2023,3,3,282,0,56533272,6,15,0,0,0,142,D,Major,49,48,67,10,0,26,3
X ï¿½ï¿½LTIMA,"Daddy Yankee, Bad Bunny",2,2022,3,25,2697,1,349746291,55,3,32,0,0,90,G,Major,81,59,83,9,0,11,5
Sem Alianï¿½ï¿½a no ,"MC Xenon, Os Gemeos da Putaria",2,2022,12,23,454,4,93587665,6,1,21,0,1,83,C#,Major,53,40,36,73,0,11,33
Nonsense,Sabrina Carpenter,1,2022,7,15,2346,27,342897938,69,12,38,8,64,139,G#,Major,74,68,68,3,0,26,4
Me Porto Bonito,"Chencho Corleone, Bad Bunny",2,2022,5,6,8870,43,1440757818,104,120,141,26,49,92,C#,Minor,91,43,71,9,0,9,8
The Rumbling (TV Size),SiM,1,2022,1,10,254,0,71014967,0,4,23,0,0,145,G#,Major,41,65,88,0,0,26,5
Fuera del mercado,Danny Ocean,1,2022,2,17,2499,21,421365166,68,24,43,1,0,92,G#,Major,45,27,67,32,0,13,14
La Llevo Al Cielo (Ft. ï¿½ï¿½engo F,"Nengo Flow, Anuel Aa, Chris Jedi, Chencho Corleone",4,2022,5,20,3559,3,333146475,36,1,31,0,1,170,A,Minor,80,77,85,11,0,17,14
About Damn Time,Lizzo,1,2022,4,14,9021,0,723894473,242,49,272,21,24,109,A#,Minor,84,72,74,10,0,34,7
Shut up My Moms Calling,Hotel Ugly,1,2020,2,10,1788,14,405136812,1,50,19,0,19,139,A,Minor,48,37,41,32,0,10,10
Say You Won't Let Go,James Arthur,1,2016,9,9,15722,16,2420461338,231,37,"1,509",0,13,99,A#,Major,40,45,56,69,0,9,5
Good Looking,Suki Waterhouse,1,2017,10,20,2264,0,184706613,11,6,25,0,1,150,E,Major,37,27,56,8,0,13,3
Sweet Nothing,Taylor Swift,1,2022,10,21,1747,0,186104310,9,6,13,0,2,177,,Major,34,39,16,97,0,12,5
"Tiago PZK: Bzrp Music Sessions, Vol. 48","Bizarrap, Tiago pzk",2,2021,12,29,1678,12,374191487,20,4,15,1,3,96,C#,Minor,66,76,82,47,0,10,32
Red Ruby Da Sleeze,Nicki Minaj,1,2023,3,3,1168,0,81419389,45,11,20,0,21,98,C#,Major,70,29,73,12,0,11,26
Talk that Talk,TWICE,1,2022,8,26,615,0,189476119,14,77,15,1,2,120,D#,Minor,77,78,91,14,0,33,12
Baby Don't Hurt Me,"David Guetta, Anne-Marie, Coi Leray",3,2023,4,6,4277,66,177740666,145,111,213,11,810,128,G,Major,60,23,91,0,0,12,3
Count Me Out,Kendrick Lamar,1,2022,5,13,2729,0,126191104,3,7,13,0,1,134,G,Major,78,51,43,69,0,14,9
Just Wanna Rock,Lil Uzi Vert,1,2022,10,17,3995,13,457184829,72,27,47,0,0,150,B,Major,49,4,55,7,0,6,3
Circles,Post Malone,1,2019,8,30,19664,16,2132335812,391,73,633,3,37,120,,Major,70,59,75,24,0,9,4
Vigilante Shit,Taylor Swift,1,2022,10,21,1948,0,253650850,12,9,16,0,0,80,E,Minor,80,16,28,17,0,12,39
I Can See You (Taylorï¿½ï¿½ï¿½s Version) (From The ,Taylor Swift,1,2023,7,7,516,38,52135248,73,119,42,1,150,123,F#,Major,69,82,76,6,0,6,3
Zona De Perigo,Leo Santana,1,2022,12,8,531,4,134294498,20,1,71,2,0,135,F,Major,81,97,77,75,0,35,3
Peaches (feat. Daniel Caesar & Giveon),"Justin Bieber, Daniel Caesar, Giveon",3,2021,3,19,14140,0,1445941661,231,52,612,6,,90,,Major,63,49,68,38,0,42,18
Shivers,Ed Sheeran,1,2021,9,9,10147,30,1302184087,234,71,543,18,,141,D,Major,79,82,86,28,0,4,9
We Don't Talk About Bruno,"Adassa, Mauro Castillo, Stephanie Beatriz, Encanto - Cast, Rhenzy Feliz, Diane Guerrero, Carolina Gaitan",7,2021,11,19,2785,0,432719968,95,89,44,0,,206,,Minor,58,83,45,36,0,11,8
GIVENCHY,Duki,1,2022,7,20,625,4,185236961,13,18,12,0,0,103,G#,Major,61,38,62,14,0,23,40
Alone,Burna Boy,1,2022,11,4,782,2,96007391,27,18,32,1,0,90,E,Minor,61,32,67,15,0,11,5
Es un Secreto,Plan B,1,2010,7,20,492,36,540654286,4,3,19,0,0,95,F#,Minor,84,52,77,12,0,7,4
Escapism.,"RAYE, 070 Shake",2,2022,10,12,5129,25,532336353,116,84,114,18,348,96,D,Major,54,25,74,14,0,9,11
Besos Moja2,"Wisin & Yandel, ROSALï¿½",2,2022,9,29,2460,13,309483971,53,7,56,3,1,94,F,Minor,74,64,73,6,0,10,6
IDGAF (with blackbear),"Blackbear, BoyWithUke",2,2022,3,18,625,0,197643795,10,2,13,0,1,98,F,Major,78,83,75,41,0,27,8
Love Grows (Where My Rosemary Goes),Edison Lighthouse,1,1970,1,1,2877,0,BPM110KeyAModeMajorDanceability53Valence75Energy69Acousticness7Instrumentalness0Liveness17Speechiness3,16,0,54,0,0,110,A,Major,53,75,69,7,0,17,3
Shake It Off,Taylor Swift,1,2014,1,1,21335,13,1113838873,328,70,"1,378",9,20,160,G,Major,65,95,80,5,0,41,16
Evergreen (You Didnï¿½ï¿½ï¿½t Deserve Me A,Omar Apollo,1,2022,4,8,2499,0,227918678,70,0,49,0,0,82,A,Major,70,31,34,60,1,11,4
Boyfriend,Dove Cameron,1,2022,2,11,3766,0,496311364,76,0,102,0,2,180,G,Minor,35,23,61,23,0,19,6
Night Changes,One Direction,1,2014,11,17,7124,18,1131090940,60,20,2,0,,120,G#,Major,67,40,52,86,0,12,4
Phantom Regret by Jim,The Weeknd,1,2022,1,7,768,0,31959571,1,1,3,0,0,108,A,Minor,46,23,48,75,30,14,4
Pasoori,"Shae Gill, Ali Sethi",2,2022,2,6,349,6,284249832,10,22,3,0,0,92,B,Minor,71,67,60,7,0,6,4
(It Goes Like) Nanana - Edit,Peggy Gou,1,2023,6,15,2259,59,57876440,0,0,109,17,0,130,G,Minor,67,96,88,12,19,8,4
Hot Shit (feat. Ye & Lil Durk),"Kanye West, Lil Durk, Cardi B",3,2022,7,1,1601,0,85924992,11,0,2,0,0,157,A,Major,88,52,69,0,0,8,23
El Apagï¿½,Bad Bunny,1,2022,5,6,1209,0,212351890,9,7,14,0,1,118,G#,Major,63,60,70,5,0,9,31
Get Lucky - Radio Edit,"Pharrell Williams, Nile Rodgers, Daft Punk",3,2013,1,1,52898,0,933815613,203,1,"8,215",0,0,116,F#,Minor,79,87,81,4,0,10,4
Creepin',"The Weeknd, 21 Savage, Metro Boomin",3,2022,12,2,6036,88,843957510,113,149,245,23,27,98,C#,Minor,71,17,61,36,0,8,5
Lift Me Up - From Black Panther: Wakanda Forever - Music From and Inspired By,Rihanna,1,2022,10,28,3311,0,297328960,129,31,212,1,41,177,A,Major,25,17,30,90,0,13,3
Pink + White,Frank Ocean,1,2016,8,20,21574,30,806397070,112,68,266,1,39,160,A,Major,54,54,55,67,0,42,11
A Holly Jolly Christmas - Single Version,Burl Ives,1,1952,1,1,7930,0,395591396,108,120,73,0,0,140,,Major,67,81,36,64,0,15,3
Lost,Frank Ocean,1,2012,1,1,29499,11,822239726,124,27,587,0,4,123,A#,Minor,91,49,61,3,0,17,22
The Family Madrigal,"Olga Merediz, Stephanie Beatriz, Encanto - Cast",3,2021,11,19,1150,0,184937148,20,38,12,0,0,141,C#,Major,59,56,63,12,0,6,36
No Lie,"Sean Paul, Dua Lipa",2,2016,11,18,7370,0,956865266,92,127,"1,219",0,62,102,G,Major,74,45,89,5,0,26,13
Sweetest Pie,"Dua Lipa, Megan Thee Stallion",2,2022,3,11,3501,0,299634472,69,2,51,11,0,124,G,Major,81,68,63,17,0,10,22
Komang,Raim Laode,1,2022,8,16,158,4,137123880,5,6,1,1,18,134,G,Major,70,35,41,41,0,10,3
Don't You Worry,"David Guetta, Shakira, Black Eyed Peas",3,2022,6,16,2442,0,240918092,81,4,248,1,6,132,B,Major,82,49,88,20,0,21,3
Late Night Talking,Harry Styles,1,2022,5,20,7461,8,743693613,166,42,199,16,58,115,A#,Major,71,90,73,30,0,11,5
Wake Me Up - Radio Edit,Avicii,1,2013,1,1,50887,34,1970673297,315,160,"6,284",1,46,124,D,Major,53,66,78,0,0,16,5
Romantic Homicide,d4vd,1,2022,7,20,2335,23,681583126,82,55,50,0,9,132,F#,Major,56,20,55,45,1,32,3
METAMORPHOSIS,INTERWORLD,1,2021,11,25,1561,24,357580552,18,78,24,0,30,175,G,Minor,59,15,64,43,90,12,10
Bar,"Tini, L-Gante",2,2021,11,11,755,4,200972675,22,3,0,0,0,94,C#,Major,52,68,69,13,0,33,8
Private Landing (feat. Justin Bieber & Future),"Don Toliver, Future, Justin Bieber",3,2023,2,23,1190,0,105062254,29,3,18,0,19,137,C#,Minor,84,44,67,8,0,11,6
Sobrio,Maluma,1,2021,7,8,3506,10,513643924,103,76,100,1,1,178,F,Major,76,63,77,14,0,15,22
Rich Flex,"Drake, 21 Savage",2,2022,11,4,4657,18,573633020,84,84,42,0,23,153,B,Minor,56,42,52,5,0,36,24
Lose Yourself - Soundtrack Version,Eminem,1,2002,1,1,32502,21,1829992958,247,54,"5,567",1,51,171,D,Major,70,6,73,1,0,36,26
Ley Seca,"Anuel Aa, Jhay Cortez",2,2021,9,2,2012,0,355219175,101,12,38,0,0,105,G#,Major,76,58,84,10,0,13,10
Rich Spirit,Kendrick Lamar,1,2022,5,13,3486,0,173702135,20,10,33,0,0,96,A#,Minor,85,41,43,39,0,12,21
POP!,Nayeon,1,2022,6,24,571,0,213505179,19,21,14,0,2,97,D,Major,80,36,86,4,0,3,5
Tak Segampang Itu,Anggi Marito,1,2022,12,2,213,6,179659294,7,6,0,0,48,130,F,Major,51,18,44,76,0,11,3
Glimpse of Us,Joji,1,2022,6,10,6330,6,988515741,109,42,158,3,31,170,G#,Major,44,27,32,89,0,14,5
"Paulo Londra: Bzrp Music Sessions, Vol. 23","Bizarrap, Paulo Londra",2,2022,4,25,928,0,164163229,19,0,7,0,0,96,,Major,61,32,90,25,0,10,9
Rosa Pastel,"Jasiel Nuï¿½ï¿½ez, Peso P",2,2023,2,2,200,4,90025258,8,77,2,1,1,123,G,Minor,70,86,68,24,0,11,4
What Else Can I Do?,"Stephanie Beatriz, Diane Guerrero",2,2021,11,19,802,0,154797871,13,27,8,0,0,120,E,Major,72,54,71,26,0,10,4
LUNA,"Junior H, Peso Pluma",2,2023,6,22,201,11,55842345,19,117,8,1,74,128,A,Minor,75,79,63,33,0,15,4
Sial,Mahalini,1,2023,1,23,134,4,166570053,4,6,0,0,23,120,D,Major,56,20,43,89,0,12,4
Con La Brisa,"Ludwig Goransson, Foudeqush",2,2022,11,4,486,0,71095708,8,1,7,0,0,114,D,Minor,62,25,44,51,33,14,3
Never Felt So Alone,Labrinth,1,2023,4,7,1730,3,117747907,46,5,51,0,20,98,F,Major,44,36,41,50,0,38,5
Open Arms (feat. Travis Scott),"SZA, Travis Scott",2,2022,12,8,1420,4,155653938,13,87,17,0,46,78,A,Major,67,22,59,76,1,15,16
I AM,IVE,1,2023,4,10,366,15,123132751,16,102,7,0,55,122,E,Minor,68,38,88,1,0,8,5
SNAP,Rosa Linn,1,2022,3,19,3202,18,726307468,148,80,226,24,0,170,,Major,56,53,64,11,0,45,6
ýýýýýýýýýýýý,YOASOBI,1,2023,4,12,356,16,143573775,35,102,8,1,117,166,C#,Major,57,84,94,11,0,37,9
ULTRA SOLO REMIX,"De La Ghetto, Feid, Polima WestCoast, Paloma Mami, Pailita",5,2022,6,16,2341,0,279717388,37,2,38,2,0,110,C#,Major,91,59,82,8,0,6,8
Karma (feat. Ice Spice),"Taylor Swift, Ice Spice",2,2023,5,26,588,0,46142772,23,21,31,0,0,90,G#,Major,62,7,62,6,0,58,6
I WANNA BE YOUR SLAVE,Mï¿½ï¿½ne,1,2021,3,19,4873,0,851070493,65,88,434,3,13,133,C#,Major,75,96,61,0,0,18,4
"Link Up (Metro Boomin & Don Toliver, Wizkid feat. BEAM & Toian) - Spider-Verse Remix (Spider-Man: Across the Spider-Verse )","WizKid, Toian, Metro Boomin, Don Toliver, Beam",5,2023,6,2,197,0,32761689,3,10,3,0,0,101,F,Major,92,59,51,41,51,26,8
Cï¿½ï¿½,Rauw Alejandro,1,2021,6,25,2636,3,465959382,36,82,39,0,5,102,A,Minor,77,26,63,58,0,11,5
I Was Never There,"The Weeknd, Gesaffelstein",2,2018,3,29,4188,15,705469769,30,70,142,0,27,114,A#,Major,32,17,74,14,0,17,3
All My Life (feat. J. Cole),"J. Cole, Lil Durk",2,2023,5,12,2175,23,144565150,69,145,69,2,478,143,D#,Major,83,69,44,15,0,10,33
"Sex, Drugs, Etc.",Beach Weather,1,2016,11,4,3006,16,480507035,47,60,87,12,124,144,E,Minor,57,47,84,1,1,52,4
Take Two,BTS,1,2023,6,9,674,47,118482347,20,106,25,4,78,93,G,Major,62,57,59,3,0,38,3
I Like You (A Happier Song) (with Doja Cat),"Post Malone, Doja Cat",2,2022,6,3,5281,14,609293408,94,21,80,15,38,101,F,Major,74,43,69,12,0,12,7
Soy El Unico,Yahritza Y Su Esencia,1,2022,3,25,226,0,126443991,5,0,4,0,1,84,E,Minor,71,63,45,45,0,11,3
Mal Feito - Ao Vivo,"Marï¿½ï¿½lia Mendonï¿½ï¿½a, Hugo & G",2,2022,1,14,971,2,291709698,35,104,93,1,0,124,,Minor,73,68,83,55,0,90,7
Coco Chanel,"Bad Bunny, Eladio Carrion",2,2023,3,17,1962,38,250305248,28,89,29,5,82,150,D,Major,68,14,76,4,0,10,4
I Love You So,The Walters,1,2014,11,28,7536,7,972164968,44,19,135,0,6,76,A#,Major,58,46,67,65,0,13,4
Sky,Playboi Carti,1,2020,12,25,3297,3,506778838,25,3,52,0,1,140,D,Major,79,56,91,26,0,13,21
ýýýýýýýýýýýýýýýýýýýýý,Fujii Kaze,1,2020,5,20,685,14,403097450,24,94,9,0,23,158,F#,Minor,60,52,76,17,0,19,5
Ferxxo 100,Feid,1,2022,6,3,1647,30,278920007,20,49,23,2,2,164,G#,Minor,70,58,57,25,0,15,7
The Christmas Song (Merry Christmas To You) - Remastered 1999,Nat King Cole,1,1946,11,1,11500,0,389771964,140,72,251,0,0,139,C#,Major,36,22,15,84,0,11,4
Yet To Come,BTS,1,2022,6,10,829,0,302006641,32,110,26,0,0,172,C#,Major,56,68,89,4,0,33,19
Christmas Tree,V,1,2021,12,24,509,9,317622165,8,106,6,0,8,139,F,Major,44,18,38,70,0,12,4
Holly Jolly Christmas,Michael Bublï¿,1,2011,10,14,7655,0,476244795,5,0,291,0,0,151,G,Major,65,70,47,87,0,9,4
"Rauw Alejandro: Bzrp Music Sessions, Vol. 56","Rauw Alejandro, Bizarrap",2,2023,6,21,871,32,66902503,25,59,32,5,88,128,B,Major,78,59,65,10,0,26,5
All I Want for Christmas Is You,Mariah Carey,1,1994,10,28,25653,0,1449779435,387,132,"2,094",0,,150,G,Major,34,33,63,16,0,7,4
I'm Good (Blue),"Bebe Rexha, David Guetta",2,2022,8,26,12482,80,1109433169,291,184,537,45,727,128,G,Minor,56,38,97,4,0,35,4
Envolver,Anitta,1,2021,11,11,4673,2,546191065,123,113,180,1,4,92,E,Minor,81,40,73,15,0,9,8
Attention,NewJeans,1,2022,8,1,799,12,264717480,14,141,9,0,1,105,A#,Minor,81,70,65,24,0,8,4
Normal,Feid,1,2022,7,8,2461,36,459276435,47,66,45,5,6,170,E,Minor,71,59,56,4,0,27,12
Gone Girl,SZA,1,2022,12,9,892,0,65362788,3,17,2,0,0,150,F,Major,43,42,44,57,0,15,6
Mary On A Cross,Ghost,1,2019,9,13,2668,2,387080183,38,266,78,0,141,130,B,Major,47,56,90,0,0,10,4
THE SHADE,Rex Orange County,1,2022,3,11,1189,6,244928911,17,10,16,0,4,120,F,Major,90,73,51,39,0,9,6
Bussin,"Nicki Minaj, Lil Baby",2,2022,2,11,847,0,64714573,25,0,14,0,0,140,B,Major,89,75,70,6,0,13,5
On BS,"Drake, 21 Savage",2,2022,11,4,1338,0,170413877,9,20,7,0,0,158,A,Major,84,33,36,2,0,39,59
'Till I Collapse,"Eminem, Nate Dogg",2,2002,5,26,22923,0,1695712020,78,46,"2,515",1,0,171,C#,Major,55,10,85,7,0,8,20
psychofreak (feat. WILLOW),"Camila Cabello, Willow",2,2022,4,7,918,0,75476209,24,0,52,0,0,180,G,Minor,63,45,64,34,0,9,8
Streets,Doja Cat,1,2019,11,7,5728,0,865640097,85,87,179,0,12,90,B,Major,75,19,46,21,4,34,8
Too Late,SZA,1,2022,12,8,714,0,49262961,0,9,2,0,0,128,B,Major,45,35,68,78,0,39,8
Cheques,Shubh,1,2023,5,19,67,8,47956378,7,10,0,0,57,90,E,Minor,74,36,63,26,0,27,5
Still With You,Jung Kook,1,2020,6,5,31,39,38411956,2,107,8,0,0,88,C#,Minor,53,34,47,9,0,83,4
Snow On The Beach (feat. More Lana Del Rey),"Lana Del Rey, Taylor Swift",2,2023,5,26,359,2,60350538,1,0,9,0,0,110,F#,Minor,66,32,40,81,0,11,3
Me Fui de Vacaciones,Bad Bunny,1,2022,5,6,1443,0,305650299,9,11,22,1,0,85,A#,Major,71,43,65,23,0,9,5
Nosso Quadro,"Ana Castela, AgroPlay",2,2023,2,2,894,9,233801632,14,88,66,3,72,160,A,Major,69,61,71,33,0,31,20
LET GO,Central Cee,1,2022,12,15,2301,20,298063749,49,23,110,0,8,146,D,Minor,74,51,45,86,0,21,38
After Hours,The Weeknd,1,2020,2,19,8084,6,698086140,45,115,218,1,221,109,F,Minor,66,16,57,10,1,12,3
Makeba,Jain,1,2015,6,22,6060,53,165484133,150,148,"2,703",22,"1,451",116,D,Major,82,40,66,39,51,25,7
Blank Space,Taylor Swift,1,2014,1,1,11434,53,1355959075,154,123,410,2,81,96,F,Major,75,57,68,9,0,13,6
One Right Now (with The Weeknd),"The Weeknd, Post Malone",2,2021,11,5,4771,0,539595276,68,18,75,0,1,97,C#,Major,68,72,78,4,0,7,5
Don't ever say love me (feat. RM of BTS),"RM, Colde",2,2023,5,4,105,0,34502215,5,9,5,0,0,145,B,Minor,54,19,48,36,0,37,5
Dos Mil 16,Bad Bunny,1,2022,5,6,892,3,338422004,10,24,11,0,0,130,C#,Major,82,50,67,12,0,13,5
"Here We Goï¿½ï¿½ï¿½ Again (feat. Tyler, the Cr","The Weeknd, Tyler, The Creator",3,2022,1,7,1420,0,88103848,7,18,7,0,0,135,C#,Major,41,27,64,36,0,60,3
Chance,Paulo Londra,1,2022,4,6,225,0,89566512,11,0,7,0,0,138,C#,Minor,72,22,46,24,0,9,6
BREAK MY SOUL,Beyoncï¿,1,2022,6,21,9724,0,354614964,222,61,259,14,2,115,C#,Minor,70,87,88,4,0,26,8
Where Are You Now,"Lost Frequencies, Calum Scott",2,2021,7,30,10565,44,972509632,238,122,557,17,58,121,F#,Minor,67,26,64,52,0,17,10
TO THE MOON,Jnr Choi,1,2021,11,5,2979,0,245095641,44,0,159,0,0,144,D,Major,74,39,65,5,1,11,35
Don't Start Now,Dua Lipa,1,2019,10,31,27119,0,2303033973,532,77,"1,535",3,8,124,B,Minor,79,68,79,1,0,10,8
Agudo Mï¿½ï¿½gi,"Styrx, utku INC, Thezth",3,1930,1,1,323,0,90598517,4,0,14,0,0,130,F#,Minor,65,49,80,22,4,7,5
Rara Vez,"Taiu, Milo j",2,2023,2,8,893,38,248088961,19,23,24,3,88,120,F,Minor,84,96,71,18,0,34,17
295,Sidhu Moose Wala,1,2021,5,15,246,4,183273246,4,106,0,0,7,90,B,Minor,68,54,76,21,0,11,20
cï¿½ï¿½mo dormi,Rels B,1,2022,8,4,1452,35,331511413,16,15,20,0,0,126,C#,Major,63,56,43,24,0,12,23
CORAZï¿½ï¿½N VA,Maria Becerra,1,2023,6,22,370,20,43857627,12,16,18,4,93,98,C#,Major,68,40,79,33,0,30,6
California Love - Original Version (Explicit),"Dr. Dre, 2Pac, Roger",3,1995,12,28,18773,0,579395142,128,17,"1,663",0,0,92,G,Major,77,76,84,3,0,38,4
Antes de Perderte,Duki,1,2022,6,2,584,8,157136970,12,1,8,0,1,110,F,Minor,81,61,93,49,0,12,11
En El Radio Un Cochinero,Victor Cibrian,1,2022,5,13,514,0,164856284,5,36,1,0,0,154,F#,Minor,70,97,62,47,0,10,4
Malvadï¿½ï¿,"Xamï¿½ï¿½, Gustah, Neo B",3,2021,11,30,648,1,240684449,14,3,81,0,0,133,F#,Minor,82,52,61,38,0,14,27
Todo De Ti,Rauw Alejandro,1,2020,11,2,11975,8,1168642797,188,75,268,6,16,128,D#,Minor,81,57,63,40,1,10,4
Barbie World (with Aqua) [From Barbie The Album],"Nicki Minaj, Aqua, Ice Spice",3,2023,6,23,1117,80,65156199,82,145,65,16,"1,133",144,,Major,77,75,58,52,0,23,25
Wonderful Christmastime - Edited Version / Remastered 2011,Paul McCartney,1,1979,11,16,1685,0,403939487,1,0,29,0,0,95,B,Major,75,74,58,36,0,9,3
Rockin' Around The Christmas Tree,Brenda Lee,1,1958,1,1,14994,0,769213520,191,168,206,0,,140,G#,Major,70,85,41,71,0,45,5
Aguacero,Bad Bunny,1,2022,5,6,829,0,283359161,4,15,10,0,0,121,F#,Minor,86,67,65,42,0,35,7
Enemy - from the series Arcane League of Legends,"Imagine Dragons, League of Legends, Arcane",3,2021,10,27,824,0,1223481149,8,8,8,2,0,77,G,Major,73,54,74,23,0,41,23
DANCE CRIP,Trueno,1,2021,11,17,731,0,198883004,14,14,24,0,4,106,,Major,86,86,79,11,0,8,9
Hold Me Closer,"Elton John, Britney Spears",2,2017,11,10,4967,0,284216603,165,10,177,4,73,126,,Major,67,49,77,11,0,19,11
Salimo de Noche,"Trueno, Tiago pzk",2,2021,10,21,1057,0,261414174,17,5,21,0,0,84,D,Major,67,78,63,29,0,12,5
Easy On Me,Adele,1,2021,10,14,10195,20,1406111294,258,87,657,22,9,142,F,Major,60,13,37,58,0,13,3
Piï¿½ï¿½man Deï¿,"Semicenk, Doï¿½ï¿½u ",2,2023,6,2,185,3,43522589,5,6,4,1,33,98,A#,Minor,73,45,62,28,0,13,13
Reminder,The Weeknd,1,2016,11,25,6518,17,684675814,45,85,238,1,47,160,G#,Major,71,40,50,16,0,16,22
Peaches (from The Super Mario Bros. Movie),Jack Black,1,2023,4,7,34,0,68216992,0,0,0,0,0,92,A#,Minor,71,41,31,79,0,10,5
Thinking with My Dick,"Kevin Gates, Juicy J",2,2013,7,16,1550,0,109091573,0,0,14,0,0,81,,Major,77,68,70,6,0,17,20
Primera Cita,Carin Leon,1,2022,4,20,266,27,77309611,6,40,6,6,202,158,A#,Major,54,50,40,61,0,10,6
Why'd You Only Call Me When You're High?,Arctic Monkeys,1,2013,1,1,23389,29,1267333350,54,70,"1,089",2,1,92,D,Major,70,81,63,4,0,8,4
Bones,Imagine Dragons,1,2021,3,11,4198,44,838079900,98,108,327,17,153,114,F,Minor,77,65,72,2,0,7,5
Somewhere Only We Know,Keane,1,2004,1,1,20015,16,1089402494,107,69,"5,239",0,558,172,A,Major,45,33,59,6,0,8,3
Too Many Nights (feat. Don Toliver & with Future),"Future, Metro Boomin, Don Toliver",3,2022,12,2,2110,58,286400165,17,119,19,2,266,88,G,Minor,68,17,71,15,0,11,5
Monotonï¿½,"Ozuna, Shakira",2,2022,10,19,3645,15,380726517,118,34,150,4,19,132,,Minor,87,82,70,42,0,21,5
Gangsta's Paradise,"Coolio, L.V.",2,1995,7,11,10624,17,1357608774,21,0,386,0,,80,G#,Major,63,40,61,9,0,56,6
Something Just Like This,"The Chainsmokers, Coldplay",2,2017,2,22,23375,21,2204080728,336,188,"2,692",3,30,103,B,Minor,61,47,65,3,0,17,4
Cool for the Summer,Demi Lovato,1,2015,1,1,9243,0,677389855,155,5,577,0,6,114,F,Minor,59,30,62,1,0,8,4
Forever,Labrinth,1,2019,10,4,3618,0,282883169,21,86,138,0,2,80,E,Minor,56,19,46,92,72,11,3
Master of Puppets (Remastered),Metallica,1,1986,3,3,6080,0,704171068,112,198,406,1,0,105,E,Minor,54,59,83,0,44,20,4
OMG,NewJeans,1,2023,1,2,1783,27,430977451,26,124,15,1,22,127,A,Minor,80,74,77,36,0,11,4
Knife Talk (with 21 Savage ft. Project Pat),"Drake, Project Pat, 21 Savage",3,2021,9,3,5199,0,594482982,45,43,45,0,3,146,F,Minor,85,22,37,13,0,7,30
Ch y la Pizza,"Fuerza Regida, Natanael Cano",2,2022,12,1,536,10,288101651,10,72,8,3,14,149,G#,Major,66,85,60,40,0,14,13
Love Again,The Kid Laroi,1,2023,1,27,1283,0,147538971,57,4,48,0,0,107,B,Minor,66,47,40,72,0,11,3
Mr. Brightside,The Killers,1,2003,9,23,51979,15,1806617704,306,99,"5,063",2,120,148,C#,Major,35,24,93,0,0,10,8
Tormenta (feat. Bad Bunny),"Gorillaz, Bad Bunny",2,2023,2,24,1529,0,149778242,32,18,39,2,0,95,,Major,64,30,77,46,0,38,6
Tacones Rojos,Sebastian Yatra,1,2021,10,22,3047,9,510876816,77,31,85,5,28,123,B,Minor,75,93,86,8,0,14,3
Do It To It,"Cherish, ACRAZE",2,2021,8,20,12403,0,674772936,183,63,465,0,11,125,B,Minor,85,64,81,2,5,7,9
WAIT FOR U (feat. Drake & Tems),"Drake, Future, Tems",3,2022,4,27,5491,14,556585270,128,84,75,0,35,83,C#,Major,46,34,64,31,0,7,34
Mockingbird,Eminem,1,2004,1,1,12985,61,1241559043,49,98,"2,394",5,204,84,E,Minor,62,24,67,21,0,13,28
What It Is (Solo Version),Doechii,1,2023,3,17,804,25,95131998,29,76,24,0,162,172,C#,Minor,74,76,76,6,0,10,9
Closer,"The Chainsmokers, Halsey",2,2016,5,31,28032,0,2591224264,315,159,"2,179",0,44,95,G#,Major,75,64,52,41,0,11,3
La Bebe - Remix,"Peso Pluma, Yng Lvcas",2,2023,3,17,2953,44,553634067,49,110,66,13,339,170,D,Minor,81,56,48,21,0,8,33
Freaky Deaky,"Tyga, Doja Cat",2,2022,2,25,1729,0,153240879,26,1,19,0,0,104,D,Minor,80,24,65,2,0,9,4
Poland,Lil Yachty,1,2022,6,23,1584,0,115331792,38,0,24,0,0,150,F,Minor,70,26,56,14,83,11,5
Raindrops (Insane) [with Travis Scott],"Travis Scott, Metro Boomin",2,2022,12,2,880,0,110649992,3,7,10,0,0,112,G#,Major,80,15,54,9,0,38,5
Area Codes,"Kaliii, Kaliii",2,2023,3,17,1197,13,113509496,44,34,25,1,171,155,C#,Major,82,51,39,2,0,9,49
